id_client,name,surname,email
1,Vincent,Hebron,vhebron0@google.nl
2,Cliff,Le Grys,clegrys1@hp.com
3,Tades,Beardwood,tbeardwood2@networkadvertising.org
4,Ardella,Cowton,acowton3@nymag.com
5,Erie,Melmore,emelmore4@rediff.com
6,Zared,Eldershaw,zeldershaw5@alexa.com
7,Magnum,Geistmann,mgeistmann6@craigslist.org
8,Guillema,Herreros,gherreros7@yolasite.com
9,Myriam,Brealey,mbrealey8@aboutads.info
10,Reagen,Carnell,rcarnell9@merriam-webster.com
11,Vin,Daveran,vdaverana@cyberchimps.com
12,Meredithe,Noye,mnoyeb@drupal.org
13,Micky,Engley,mengleyc@wisc.edu
14,Philipa,Clell,pclelld@squarespace.com
15,Larry,Piburn,lpiburne@blogspot.com
16,Cristian,Whellans,cwhellansf@telegraph.co.uk
17,Della,Farden,dfardeng@theglobeandmail.com
18,Fiann,Greswell,fgreswellh@bbb.org
19,Arney,Emeny,aemenyi@about.com
20,Barron,Minchinton,bminchintonj@freewebs.com
21,Hersh,Zanre,hzanrek@etsy.com
22,Guillema,Wynch,gwynchl@indiegogo.com
23,Billie,Nicolson,bnicolsonm@w3.org
24,Beryle,Mannix,bmannixn@weibo.com
25,Benedikta,Halegarth,bhalegartho@nyu.edu
26,Flinn,Cammiemile,fcammiemilep@ebay.co.uk
27,Jeralee,Dict,jdictq@w3.org
28,Padriac,Tessyman,ptessymanr@wiley.com
29,Arlene,Rarity,araritys@virginia.edu
30,Pooh,Shaw,pshawt@omniture.com
